time,seconds_elapsed,z,y,x
1782661068225097700,0.07409765625,-0.24573767859935758,0.008644969150610268,0.1968525785949081
1782661068235167500,0.08416748046875,-0.23216800293028353,0.08465802231635898,0.3621590953253209
1782661068245238500,0.094238525390625,-0.233101484388113,0.15484890866726636,0.4867728785961866
1782661068255308500,0.10430859375,-0.09107026397883891,0.1773829581670463,0.5356608281448483
1782661068265379600,0.114379638671875,0.08141337783932685,0.15281703751347958,0.5174138083145022
1782661068275449600,0.12444970703125,0.07403203541636466,0.1183791814639233,0.44924014353752134
1782661068285520600,0.134520751953125,0.06166413675248623,0.06128953128643334,0.377173636040464
1782661068295590700,0.144590576171875,0.11967851882576942,0.0025101379237137734,0.3139528444305062
1782661068305661700,0.15466162109375,0.1423182206571102,0.020596505565941333,0.2935186167541891
1782661068315731500,0.1647314453125,0.19850012660622596,-0.008729359498433769,0.23427425449453293
1782661068325802500,0.174802490234375,0.09873977569341659,-0.021333989527635273,0.15740889534838498
1782661068335872800,0.184872802734375,0.026226912668347358,0.012362236108072102,0.12323869552537799
1782661068345942800,0.19494287109375,0.055904842573404306,0.018648074911907314,0.08982983546368777
1782661068356013600,0.205013671875,0.11252046376466751,0.011862707354407757,0.07648330102600157
1782661068366083600,0.21508349609375,0.21103344496488569,-0.024427261101547627,0.0767096571277827
1782661068376154600,0.225154541015625,0.11203881772756576,-0.03401447953833267,0.0859421803753823
1782661068386224400,0.235224365234375,-0.015743512576818466,0.019273321537626908,0.11666961933337151
1782661068396295400,0.24529541015625,0.009595511341094971,0.024847952465340495,0.11584778155647217
1782661068406365700,0.25536572265625,0.14958382774591444,0.007384721690136939,0.1404076377954334
1782661068416436700,0.265436767578125,0.2922095069169998,-0.027690181020786984,0.19892069010585545
1782661068426506500,0.275506591796875,0.4409446088790893,-0.048784269978478546,0.25256723235845563
1782661068436577500,0.28557763671875,0.41023967401385303,-0.0517561710618902,0.2843596701994538
1782661068446647600,0.2956474609375,0.239606628498435,-0.06731474639270454,0.28172026160657404
1782661068456717800,0.3057177734375,0.03580722644031047,-0.06664028119724244,0.300713058302924
1782661068466788900,0.315788818359375,-0.15493804825544355,-0.06194804999409243,0.3088117552150041
1782661068476859000,0.32585888671875,-0.25406945361495015,-0.06776122978487983,0.24638993196301162
1782661068486929700,0.3359296875,-0.3034586306840181,-0.08518105980977415,0.14111330184675752
1782661068496999700,0.345999755859375,-0.2948264114171266,-0.0847480021547526,0.08077113441303371
1782661068507070700,0.35607080078125,-0.26330782208144665,-0.08187410895256325,0.06912899274043738
1782661068517140700,0.366140625,-0.22761516193151474,-0.09511782233659177,0.07254048168435692
1782661068527211800,0.376211669921875,-0.2233896531909704,-0.12697258482407778,0.057487947046384213
1782661068537281800,0.38628173828125,-0.16427870805263517,-0.12620304348999634,0.06007241058163344
1782661068547352800,0.396352783203125,-0.08631576292812823,-0.11492380771250463,0.07731025336943566
1782661068557422600,0.406422607421875,-0.03393675639331341,-0.11716737625505774,0.15687018536180256
1782661068567492600,0.41649267578125,0.020992519146203995,-0.15454302105586976,0.20729835008978842
1782661068577563600,0.426563720703125,0.05562368754446506,-0.1566942442730069,0.1902651630286127
1782661068587634000,0.436634033203125,0.06717910078167914,-0.1232983441575896,0.14882175733223557
1782661068597704700,0.44670458984375,0.05814122332334518,-0.10823622884051874,0.05154715882055461
1782661068607774700,0.456774658203125,0.06557225010693073,-0.11857273127464577,-0.061159329035505645
1782661068617845800,0.466845703125,0.0961813233822584,-0.1330604990361724,-0.07042129757329821
1782661068627915800,0.476915771484375,0.1585661756247282,-0.1351082527456805,-0.023165844597294927
1782661068637986600,0.486986572265625,0.22194296151399612,-0.13839615184254944,0.023621844736486673
1782661068648056800,0.497056884765625,0.2526338678538799,-0.13214566747988574,0.03496646476723254
1782661068658126800,0.507126953125,0.14175766416490077,-0.13867316041933372,0.03458228775523603
1782661068668197600,0.51719775390625,-0.0122258598446846,-0.1436059771790169,-0.003363996540382504
1782661068678267600,0.527267578125,-0.07166705985069274,-0.1274235525951255,-0.03284158156774938
1782661068688338700,0.537338623046875,-0.048293783047795295,-0.09798994370680301,-0.04346387867331505
1782661068698409000,0.547408935546875,0.010445406168699264,-0.09445636275317519,-0.057860214424878355
1782661068708479700,0.557479736328125,0.07404489489793777,-0.07992372380346059,-0.004951046536117792
1782661068718549800,0.5675498046875,0.1601642584711313,-0.07726033154679463,0.052988370604813095
1782661068728620800,0.577620849609375,0.16576631626188754,-0.14718371693477966,0.08854147615358234
1782661068738690800,0.58769091796875,0.11780687973499297,-0.1778445843294263,0.09149754948019981
1782661068748760600,0.597760498046875,0.1260568216860294,-0.2020434252362698,0.0690838384244591
1782661068758831600,0.60783154296875,0.1855406917899847,-0.22465901553966103,0.04465323458835482
1782661068768902000,0.61790185546875,0.20853519840836524,-0.2221840402608737,0.06724339818954467
1782661068778972700,0.62797265625,0.18115034787654877,-0.18350189770506695,0.07769223842434585
1782661068789042700,0.638042724609375,0.042867081823945045,-0.18414419593028722,0.09971366222687066
1782661068799113700,0.64811376953125,-0.16949615043997765,-0.200387566054333,0.06200856627598404
1782661068809183700,0.658183837890625,-0.3529389931678772,-0.20739470487004144,0.014968144290149211
1782661068819254500,0.668254638671875,-0.4641472052901983,-0.21426563181914388,-0.009809811678901314
1782661068829324800,0.67832470703125,-0.5453758742123842,-0.19015620449511333,-0.034192484720051285
1782661068839395800,0.688395751953125,-0.4907675011903047,-0.16036557146320118,-0.06006678455844521
1782661068849465900,0.6984658203125,-0.37683483254015443,-0.1707066404745914,-0.05633168968334794
1782661068859535600,0.70853564453125,-0.23854922839999199,-0.16985289145577698,-0.008778203608840704
1782661068869606700,0.718606689453125,-0.2178571535050869,-0.16680300236586482,-0.011379399083182215
1782661068879677000,0.728677001953125,-0.2463081719636917,-0.130212059935648,-0.0077758946985006325
1782661068889748000,0.738748046875,-0.19712007042467594,-0.08911309289592317,0.005659414001181721
1782661068899817700,0.748817626953125,-0.13373568575084208,-0.0377136537166778,0.020499036540836093
1782661068909888800,0.758888671875,-0.14108195686042307,-0.0072341342383064325,0.06021759120598435
1782661068919958800,0.768958740234375,-0.23770108713805674,0.01388529922319576,0.047444984198734164
1782661068930029600,0.779029541015625,-0.3344587491035461,0.06379222568920813,0.014418985974788665
1782661068940099800,0.789099853515625,-0.3639928866237402,0.10943701033187098,-0.03978796663954854
1782661068950169900,0.799169921875,-0.3131529262244701,0.09973612978700548,-0.0729299193933606
1782661068960241000,0.809240966796875,-0.23934359364807603,0.08664940619613043,-0.08816540938280522
1782661068970310700,0.819310546875,-0.09626607905626297,0.03996760208935011,-0.12171842715553939
1782661068980381700,0.829381591796875,0.010410919377207756,0.013727368715126066,-0.1199544862229377
1782661068990451700,0.83945166015625,0.02753390361368656,0.016601339549128895,-0.12564517214521764
1782661069000522800,0.849522705078125,0.03655892159044742,0.020173603978753087,-0.12752521373815834
1782661069010592800,0.8595927734375,0.07157762800157069,0.028933824406331403,-0.13461261471584438
1782661069020663800,0.869663818359375,0.1269026248604059,0.06777040860517881,-0.12094766197875141
1782661069030733800,0.87973388671875,0.2158832230836153,0.08551694070063531,-0.11459960812628268
1782661069040803600,0.889803466796875,0.3193330761641264,0.06554826644314453,-0.0791865686353296
1782661069050874600,0.89987451171875,0.37804070119857786,0.05253962219031527,-0.04106733892560005
1782661069060945000,0.90994482421875,0.37414720089137554,0.006763064394146204,-0.046349955503642556
1782661069071016000,0.920015869140625,0.29163725998699663,-0.019822178458888083,-0.03990165614709258
1782661069081085700,0.930085693359375,0.25870529672205445,-0.01234238063013181,-0.03202566207498312
1782661069091156700,0.94015673828125,0.2723556364119053,-0.0061412975003011525,-0.012843041894957422
1782661069101226800,0.950226806640625,0.2296954753369093,0.0021171017518267035,0.023087007207423446
1782661069111297800,0.9602978515625,0.18298223947882652,0.00780119353653863,0.0548658549144864
1782661069121367800,0.970367919921875,0.1343798288732767,0.014871953906677662,0.06177373460680246
1782661069131437800,0.980437744140625,0.15573592063486574,0.02926624383162707,0.04504691008105874
1782661069141508900,0.9905087890625,0.27694530228972436,0.005325158811826259,0.04354739223830402
1782661069151578600,1.00057861328125,0.3726291975438595,-0.02135386327188462,0.07357771577760577
1782661069161649700,1.010649658203125,0.32471944537758823,0.014422018182091415,0.09256269449368118
1782661069171719700,1.0207197265625,0.26028175225853917,0.0801741914331913,0.12350304554998874
1782661069181790700,1.030790771484375,0.09591361235678196,0.14733668813994152,0.1334285194978118
1782661069191860700,1.04086083984375,-0.09589198504686355,0.12984094333462418,0.11698372678384183
1782661069201931800,1.050931884765625,-0.24786709184348582,0.10691036879792809,0.05569193047508597
1782661069212001800,1.061001708984375,-0.3058826429605484,0.06080799484718591,0.01848155923858285
1782661069222071600,1.071071533203125,-0.2796177363693714,0.02354278815090656,-0.03740150989443063
1782661069232142600,1.081142578125,-0.24039807113707065,-0.022442370894644407,-0.044495121417194604
1782661069242212900,1.091212890625,-0.17759002504646776,0.0017304587881080806,-0.05315013703778386
1782661069252284000,1.101283935546875,-0.0007528641939163207,0.012051179131213575,-0.018800562059879303
1782661069262353700,1.111353759765625,0.0872147575944662,-0.01380171259297058,0.005727145475149155
1782661069272424700,1.1214248046875,0.0949357072353363,-0.021541531331092118,0.04104395805001258
1782661069282494700,1.13149462890625,0.1386415779709816,-0.04491597717776894,0.06890417100861668
1782661069292565800,1.141565673828125,0.15887129605114458,-0.02003434163853526,0.0941863501727581
1782661069302635800,1.1516357421875,0.17877952709197997,-0.014156225119065493,0.14675225758180022
1782661069312705800,1.161705810546875,0.11668518222868442,-0.017511636494193225,0.15391513494849204
1782661069322776800,1.17177685546875,-0.06194120012819767,-0.03761412973180413,0.14827625227868557
1782661069332846600,1.1818466796875,-0.23450375240147112,-0.04145463947644457,0.07818520957306027
1782661069342917600,1.191917724609375,-0.31890637518465514,-0.008794661553297192,0.014199351874738931
1782661069352987600,1.201987548828125,-0.33056583331823347,0.0016921360717155039,-0.028302549898624418
1782661069363058700,1.21205859375,-0.25300211664438244,-0.033347887122072276,-0.026411183194071052
1782661069373128700,1.222128662109375,-0.09642623805403709,-0.07294347299467772,-0.02811711032912135
1782661069383199700,1.23219970703125,0.06553367166221141,-0.13885240771006793,-0.017830401853471994
1782661069393269800,1.242269775390625,0.16334405755102632,-0.22128851619325576,-0.023312340395897625
1782661069403339800,1.25233984375,0.269765619918704,-0.25328456858126447,-0.010248714552819728
1782661069413410600,1.26241064453125,0.2876233481705189,-0.2222956656754948,0.02483165891766548
1782661069423480800,1.272480712890625,0.3028969051480293,-0.16875013611195608,0.07395166365653276
1782661069433552000,1.2825517578125,0.22813363284766672,-0.11737168492181226,0.10969678464606404
1782661069443622100,1.2926220703125,0.09371288744211197,-0.10075949975168332,0.11215060753896831
1782661069453693000,1.30269287109375,0.006418050348758697,-0.10315057787299156,0.10144494299888611
1782661069463763000,1.312762939453125,-0.07816811230778693,-0.12478113919440656,0.08836407376006244
1782661069473834000,1.322833984375,-0.0927571941524744,-0.11396176688047126,0.11474369277209043
1782661069483904000,1.332904052734375,-0.048152913272380825,-0.13270500926254317,0.11102028833478689
1782661069493974000,1.34297412109375,-0.009766191732883452,-0.1321591754154302,0.10407397632822393
1782661069504045000,1.353045166015625,0.0507248095870018,-0.115518823596742,0.10772446165978908
1782661069514115000,1.363114990234375,0.07320961311757564,-0.0601818075065501,0.1323518301770091
1782661069524185900,1.373185791015625,-0.0072176762938499445,-0.046329460704885424,0.1373097448453307
1782661069534255900,1.383255859375,-0.13367138834297657,-0.055483420557249336,0.08760375691205263
1782661069544327000,1.393326904296875,-0.2155781026571989,-0.0743285706775263,0.04826645664945244
1782661069554397200,1.403397216796875,-0.2812210799127817,-0.092179668259155,0.0026293255902826783
1782661069564467000,1.413467041015625,-0.33003917909562586,-0.10069861814361065,0.006204553728550672
1782661069574538000,1.4235380859375,-0.28797639939188957,-0.09413301255032419,0.000039162966609001156
1782661069584608000,1.43360791015625,-0.21616730072200296,-0.08664488528463989,-0.018002251289039848
1782661069594678800,1.4436787109375,-0.06665712273418903,-0.11105303982691839,-0.023256518555432558
1782661069604749000,1.4537490234375,0.11143500661551951,-0.09689732616450637,0.004469546629488468
1782661069614820000,1.463820068359375,0.30833880394101143,-0.09782841473584994,0.05581804107278585
1782661069624890000,1.47389013671875,0.3887929813593626,-0.10306607792731375,0.08651640006676316
1782661069634961000,1.4839609375,0.4058925847202539,-0.10054012137996032,0.10047624409720302
1782661069645031000,1.494031005859375,0.3275140445321798,-0.06656568159107118,0.13679828819185494
1782661069655101200,1.50410107421875,0.19449439809620378,-0.05337614607969299,0.15960063323900103
1782661069665172200,1.514172119140625,0.031273674663901324,-0.03133243738012388,0.14044731221869586
1782661069675242000,1.524241943359375,0.012543255230784416,-0.028360983821284023,0.12239274622052908
1782661069685313000,1.53431298828125,0.03825111246109009,-0.0413137697010301,0.13894874422401188
1782661069695383000,1.544383056640625,0.01994096426665783,-0.03809820518800989,0.14740370722785592
1782661069705454000,1.5544541015625,-0.014171148693561553,-0.044935175068583334,0.12115706694573164
1782661069715523800,1.56452392578125,-0.10220832858681678,-0.07443044188311324,0.06853723739236593
1782661069725594000,1.574593994140625,-0.12852116597294808,-0.10958749731900169,0.03045366351790726
1782661069735665200,1.5846650390625,-0.1097404776573181,-0.11001154968366027,0.02272233861349523
1782661069745735000,1.59473486328125,-0.033310733449459076,-0.1249866351712495,0.027605361414700744
1782661069755806000,1.604805908203125,0.07206453473567963,-0.13473948336536995,0.036552857175841925
1782661069765876000,1.6148759765625,0.13631576537191867,-0.12801791089223696,0.02180902316085994
1782661069775947000,1.624947021484375,0.12719839293658733,-0.11171592418244108,0.029036636326834557
1782661069786017000,1.63501708984375,0.05114683439135551,-0.08472511446950956,0.048617973500862714
1782661069796087000,1.645087158203125,0.02732815190851688,-0.10140416346392593,0.02560593122579157
1782661069806158000,1.655157958984375,-0.04866086279451847,-0.13728363315653985,0.017616759102791545
1782661069816227800,1.665227783203125,-0.18855156404376028,-0.14893164744749665,0.03747545191347599
1782661069826299000,1.675298828125,-0.24073884739875792,-0.15600215208930893,0.0072078855521976945
1782661069836369200,1.685369140625,-0.19646131425499916,-0.1571810414092615,0.00044065643958747383
1782661069846440200,1.695440185546875,-0.13116378943622112,-0.16715002570524812,-0.02608333947919309
1782661069856510000,1.705510009765625,-0.04172434152960777,-0.16576394164171068,-0.00600552402511239
1782661069866580000,1.715580078125,0.015749942317605018,-0.14333739850386046,0.027884616747498512
1782661069876651000,1.725651123046875,0.02674187645316124,-0.13746338277077302,0.0534353106547147
1782661069886720800,1.735720703125,-0.024870237362384796,-0.11516523351925424,0.05218158426657319
1782661069896791800,1.745791748046875,-0.08458499361276627,-0.12677751890970393,0.03217836841866374
1782661069906862000,1.755862060546875,-0.11289338873028755,-0.13549412852441892,0.012528203792124985
1782661069916933000,1.76593310546875,-0.17168284682929516,-0.13833254855442792,0.01076550496853888
1782661069927003000,1.7760029296875,-0.22844109136164187,-0.13051973764533176,-0.01657397205159068
1782661069937073000,1.786072998046875,-0.19700316604673862,-0.09452924532629549,-0.012073738022893667
1782661069947144000,1.79614404296875,-0.10478431655466557,-0.08983048391765915,-0.0223920106805861
1782661069957214000,1.8062138671875,-0.0006903203517198563,-0.0969789856991265,-0.0339009544275701
1782661069967285000,1.816284912109375,0.10283844318389893,-0.08117026239898986,-0.059664268172159786
1782661069977355000,1.82635498046875,0.27735446761250493,-0.0976936915734317,-0.011088964769244194
1782661069987426000,1.836426025390625,0.36592297790348527,-0.10283700014548376,0.008170446974039076
1782661069997495800,1.846495849609375,0.3378665117204189,-0.12100287189786321,0.03115582043789327
1782661070007566800,1.85656689453125,0.2724959216654301,-0.10096443860610015,0.02824322092682123
1782661070017637000,1.86663720703125,0.19482289939820766,-0.08947702170433476,-0.00544452914148569
1782661070027707100,1.87670703125,0.16675883443057535,-0.09333830937552265,-0.0051531449794769285
1782661070037778000,1.88677783203125,0.07190028408467769,-0.09547135761515237,0.04507146000042558
1782661070047848000,1.896847900390625,-0.10561842929124832,-0.1137931049158331,0.024655352502688764
1782661070057919000,1.9069189453125,-0.25154315000772476,-0.0891846694279462,0.009693564888089895
1782661070067989000,1.916989013671875,-0.2480114687502384,-0.07609019178887828,-0.020756372302770613
1782661070078059000,1.92705908203125,-0.20923428658843038,-0.12757994873323478,-0.021898308879509568
1782661070088130000,1.937130126953125,-0.19718787496387957,-0.17104619289357215,-0.022669585512951014
1782661070098200000,1.947199951171875,-0.11011632523238658,-0.15058007224164902,-0.0032156010456383228
1782661070108270800,1.957270751953125,0.0005810147583484649,-0.101627724820422,0.03983611663021147
1782661070118340900,1.9673408203125,0.03385784593820572,-0.09815854173935949,0.09365757705830037
1782661070128412000,1.977411865234375,0.02626958276629448,-0.0917452406309545,0.11567118288055062
1782661070138482200,1.987482177734375,0.036055063721537585,-0.0625454587648157,0.1334265467364341
1782661070148553000,1.997552978515625,-0.0026151509344577786,-0.0817664838596247,0.1421346077185124
1782661070158623000,2.007623046875,-0.07371990072727203,-0.06732645966338459,0.11902948033250868
1782661070168693000,2.01769287109375,-0.12126608027815818,-0.05379213386890478,0.09830160347186029
1782661070178764000,2.027763916015625,-0.11776362511515617,-0.08848716128361411,0.0920010420229286
1782661070188834000,2.037833984375,-0.05316518847644329,-0.09698999115033075,0.07109035594128071
1782661070198905000,2.047905029296875,-0.001454290461540222,-0.10483936207699589,0.07816022126227617
1782661070208975000,2.05797509765625,0.02252981171607971,-0.08982554288106039,0.07032455920055508
1782661070219046000,2.0680458984375,0.01676759492754936,-0.10200687859742902,0.05429010085314512
1782661070229116000,2.078115966796875,0.026424481067061422,-0.10363671742212027,0.07113178393021226
1782661070239186200,2.088186279296875,0.0644710108667612,-0.1152463541977573,0.0801167621575296
1782661070249257000,2.098257080078125,0.09963467870652674,-0.10423922249306924,0.09291326149702071
1782661070259327000,2.108326904296875,0.09704583125710486,-0.09730926796626299,0.11686141557842493
1782661070269398000,2.11839794921875,0.07095277410149574,-0.11395528234075754,0.09510704521425067
1782661070279468000,2.128468017578125,0.007309446230530738,-0.09806764858551323,0.09568849836401641
1782661070289539000,2.1385390625,-0.034714170506596566,-0.07770347220441326,0.139336939824
1782661070299608800,2.14860888671875,-0.06267828223109245,-0.043030186264053916,0.16112302050068975
1782661070309679000,2.15867919921875,-0.1207470248401165,-0.034113976123742756,0.17990663142576813
1782661070319750100,2.168750244140625,-0.14337562075555324,-0.03785140908639878,0.14704576063565908
1782661070329820000,2.17881982421875,-0.06669511665701866,-0.0729038533703424,0.1290999887742102
1782661070339891000,2.188890869140625,0.04263911828696727,-0.06619482985152862,0.17486987936757503
1782661070349961000,2.1989609375,0.1124813007980585,-0.058351048415433614,0.22442557210996747
1782661070360032000,2.209031982421875,0.1647048245102167,-0.054704837400186807,0.22094131019078195
1782661070370102000,2.21910205078125,0.13678513644933699,-0.05002350205038674,0.21027546620443463
1782661070380172000,2.229172119140625,0.09028934273421764,-0.07569249770818277,0.15222871623151005
1782661070390243000,2.2392431640625,0.058615270575881,-0.09761723793689162,0.10744462180510163
1782661070400312800,2.249312744140625,0.02755436187982559,-0.13893199401861056,0.05595569597780704
1782661070410384000,2.2593837890625,0.04397299723923206,-0.16334783867700026,0.0043995501331984994
1782661070420454100,2.2694541015625,0.00006429740786552428,-0.1625967645813711,-0.03126242261752486
1782661070430524200,2.279524169921875,0.013065233278274536,-0.17639964621812104,-0.03394596261307597
1782661070440595000,2.289594970703125,0.05722936917543411,-0.1915310730448924,-0.02153013315424323
1782661070450664700,2.299664794921875,0.04605623325407505,-0.16414280671328305,-0.014268033196777104
1782661070460735700,2.30973583984375,0.061931263256072996,-0.1603275227414444,0.02201046401709318
1782661070470805800,2.3198056640625,0.05332359390854835,-0.1314595757787116,0.07693330981582402
1782661070480876800,2.329876708984375,-0.019945640441775322,-0.12090407856535165,0.10230945087373255
1782661070490946800,2.33994677734375,-0.09302607422173023,-0.12156134603084064,0.0944151904925704
1782661070501016800,2.350016845703125,-0.1365372991681099,-0.12422309431969188,0.06172083537578582
1782661070511087900,2.360087890625,-0.2016010152310133,-0.10849075159085914,0.028061873010545968
1782661070521158000,2.370157958984375,-0.22444997589886187,-0.105487140194932,0.021061200468242166
1782661070531228700,2.380228759765625,-0.18390870667397974,-0.12250418897205963,0.026173575045913455
1782661070541299000,2.390298828125,-0.1405325062841177,-0.12386997003308496,0.04224120501056313
1782661070551370000,2.400369873046875,-0.1345621997028589,-0.15058618232202714,0.03701338735967874
1782661070561439700,2.410439697265625,-0.12120353643596171,-0.12808277455568312,0.056151218549907206
1782661070571509800,2.420509765625,-0.12482640310823917,-0.10156830451707355,0.031106501403450965
1782661070581580800,2.430580810546875,-0.09262918385863303,-0.0931908271962311,0.01829451223388314
1782661070591651000,2.440651123046875,-0.042483635464310644,-0.07607384800885338,0.008668898015469313
1782661070601721900,2.450721923828125,0.001225157880783081,-0.07220182431451976,0.020437588677182792
1782661070611792000,2.4607919921875,0.06298398717939853,-0.0812147043289151,0.021134119573980568
1782661070621863000,2.47086279296875,0.0998334161490202,-0.11015399036165326,-0.011716375952586532
1782661070631933000,2.480932861328125,0.12297346871793269,-0.10883296175780706,-0.02735467458926141
1782661070642003000,2.4910029296875,0.11978022563457488,-0.11794029685631394,-0.05945018703006208
1782661070652074000,2.501073974609375,0.1261187810063362,-0.12151017296602949,-0.06199212659783661
1782661070662144000,2.51114404296875,0.07033727255165577,-0.07542877787123434,-0.028307664465159175
1782661070672215000,2.521215087890625,0.012478373301029204,-0.05836984901402611,-0.019473712081089615
1782661070682284800,2.531284912109375,0.0032370822250843046,-0.04998781881565228,-0.019213453709706663
1782661070692355800,2.54135595703125,0.019710662642121315,-0.06344148058935534,0.012963526469469069
1782661070702425900,2.55142578125,0.01863338879942894,-0.05993820344244595,0.04099091268852353
1782661070712495900,2.561495849609375,-0.013310147950053215,-0.05978565236239228,0.037609453556686635
1782661070722567000,2.57156689453125,-0.06978431484401226,-0.04251242773395497,0.0029780659627169368
1782661070732637000,2.581636962890625,-0.10382570065557956,-0.039734829946514214,-0.009881854001805185
1782661070742708000,2.5917080078125,-0.08808043451309204,-0.03219969890106004,0.010807955870777368
1782661070752777700,2.60177783203125,-0.054363458350300785,-0.03166572902167682,0.032695597225800156
1782661070762848000,2.611847900390625,0.018173370072245596,-0.009462263183132745,0.05187441801354289
1782661070772919000,2.6219189453125,0.08190437622666358,-0.01411073287636973,0.06404533280059695
1782661070782988800,2.63198876953125,0.03772445823848247,-0.019111555104656144,0.04271072221845388
1782661070793059800,2.642059814453125,-0.03213350636363029,-0.01660144914698321,0.031029271448776125
1782661070803129900,2.6521298828125,-0.04339315152466297,-0.038672137185023166,-0.0019555910471826792
1782661070813201000,2.662200927734375,-0.06164250944256782,-0.032366086710221134,-0.018291516559198497
1782661070823271000,2.67227099609375,-0.04279518563151359,-0.0506616127242567,0.0030189824949949976
1782661070833341000,2.6823408203125,0.0036918402552604673,-0.05080871131105814,0.033818682971596715
1782661070843412000,2.692411865234375,0.03267243554592132,-0.023006233588792384,0.04336195266880095
1782661070853481700,2.702481689453125,0.06983750633597373,-0.019011168036679738,0.0476241401579231
1782661070863552800,2.712552734375,0.08021569248735905,-0.0063342993217520415,0.02855842435583472
1782661070873622800,2.722622802734375,0.06664192516505718,-0.01826518110812176,0.017366145342588422
1782661070883693800,2.73269384765625,0.13261807989776134,-0.04032384991480503,0.01855265171341598
1782661070893763800,2.742763916015625,0.10029577296376228,-0.06678474486896302,0.032700638727098705
1782661070903833900,2.752833740234375,0.057337505725026126,-0.05373475025901571,0.05985884089618921
1782661070913905000,2.76290478515625,0.01994914757311344,-0.04824564675686415,0.08669343713410198
1782661070923974700,2.772974609375,-0.05081307239234447,-0.034096234971075313,0.14292678100951015
1782661070934045700,2.783045654296875,-0.16852993575632572,-0.020449059919267893,0.15068002548478543
1782661070944116000,2.793115966796875,-0.2961421701908111,-0.017465664760884826,0.10500066271908581
1782661070954186000,2.80318603515625,-0.3325228126049041,-0.04385332551547326,0.07377952196002006
1782661070964256800,2.8132568359375,-0.2929500961512327,-0.07781289652879349,0.07251651628687977
1782661070974326800,2.823326904296875,-0.23445757517218588,-0.0909754709680099,0.06355769541412591
1782661070984397800,2.833397705078125,-0.17179507503211497,-0.09873317242269404,0.04401522894576192
1782661070994468000,2.843468017578125,-0.12471417490541935,-0.10087764623863622,0.04227956425957381
1782661071004539000,2.853538818359375,-0.114804190787673,-0.08650510235461406,0.056828825550526374
1782661071014609000,2.86360888671875,-0.10316343735456467,-0.07313200870356522,0.07226385670006275
1782661071024679000,2.873678955078125,-0.11246318061947821,-0.06405212786756455,0.09808459972031414
1782661071034750000,2.88375,-0.11757131741344928,-0.0793597149788402,0.06276793327592313
1782661071044819700,2.89381982421875,-0.12461948235929012,-0.06885178323425352,0.027616613461077213
1782661071054890800,2.903890869140625,-0.13207213645279406,-0.03844300003768876,0.024998905243352056
1782661071064961000,2.9139609375,-0.17414426850676534,-0.00006144786365330219,0.035249300296604634
1782661071075031800,2.92403173828125,-0.13257307171225546,0.004580203929729759,0.007220014381408691
1782661071085101800,2.934101806640625,-0.03914543095231056,0.015009663610626011,-0.014333207387477159
1782661071095171800,2.944171875,0.06140694712102413,0.03496253751078621,-0.051653761000186205
1782661071105243000,2.954242919921875,0.1410246737152338,0.040865733672585336,-0.060814534185826774
1782661071115313000,2.96431298828125,0.19723229862749575,0.042839097838476295,-0.03314107597097754
1782661071125384000,2.974384033203125,0.17668576968312263,0.07548084598518907,-0.019364625683426857
1782661071135454000,2.984453857421875,0.16963059047460555,0.09490878269579262,-0.008110241219401359
1782661071145523700,2.994523681640625,0.15264321531653402,0.1047380662601441,-0.02540507489144802
1782661071155594800,3.0045947265625,0.10413432821333407,0.07839034022372215,-0.07109013674557209
1782661071165665000,3.0146650390625,0.056603346231579775,0.051157136589661235,-0.10373524589315056
1782661071175736000,3.024736083984375,-0.011754735201597213,0.024020452132634817,-0.14389336101934314
1782661071185805800,3.034805908203125,-0.01241933659017086,-0.008866247218474746,-0.20005086317956447
1782661071195876900,3.044876953125,-0.060091188347339626,-0.01704564468394965,-0.25581089045479893
1782661071205947000,3.05494677734375,-0.16092589049339293,0.0031803470691666004,-0.2993573328450322
1782661071216017000,3.065016845703125,-0.11707739641666412,0.014430822543054818,-0.30538053865730763
1782661071226088000,3.075087890625,0.016173136165738105,-0.0007515855522826313,-0.24852891675308345
1782661071236158000,3.085157958984375,0.19542086529135702,-0.0023505086489021775,-0.1621279597595334
1782661071246229000,3.09522900390625,0.2938350622922182,0.029421032534539697,-0.07018339716419578
1782661071256298800,3.105298828125,0.35021219855248925,0.07454498990718275,0.0010791735388338566
1782661071266368800,3.11536865234375,0.41456981217265126,0.12305829745717346,0.0501833961866796
1782661071276439800,3.125439697265625,0.42258886797726153,0.1269160323312506,0.12565686258301137
1782661071286509800,3.135509765625,0.4118704900860786,0.09771415897272527,0.16564970414489508
1782661071296580900,3.145580810546875,0.396464831161499,0.08287588813994079,0.17104951736181973
1782661071306651000,3.15565087890625,0.3516694116234779,0.08853011450935154,0.16812456982582807
1782661071316722000,3.165721923828125,0.3673328447014093,0.11403295068684964,0.20313129353821277
1782661071326791700,3.175791748046875,0.4056763116210699,0.12547182487230749,0.24302637381404638
1782661071336862000,3.185862060546875,0.4288800770759582,0.09325959071666001,0.2709353943504393
1782661071346933000,3.19593310546875,0.37345804958343504,0.0454273972986266,0.29245822098106145
1782661071357003000,3.2060029296875,0.212705762091279,0.03883870309069753,0.32324433132372793
1782661071367073800,3.21607373046875,0.030551790130138395,0.05595412507522851,0.31194588852226734
1782661071377143800,3.226143798828125,-0.08384323533475399,0.06070888185426593,0.28690314413718876
1782661071387213800,3.2362138671875,-0.135425538533926,0.08335148802874609,0.2384549011800438
1782661071397284900,3.246284912109375,-0.12462123592495918,0.07433660785350948,0.23120536844320594
1782661071407355000,3.25635498046875,-0.14810148023366929,0.04550124798612669,0.2382422813426703
1782661071417426000,3.266426025390625,-0.2439677463173866,-0.0027481844632886348,0.18671433867923914
1782661071427496000,3.276495849609375,-0.29785715741515156,-0.032979017277061935,0.06938757061138749
1782661071437566700,3.286566650390625,-0.24541209990680216,-0.06698012587716802,-0.014326485385745763
1782661071447636700,3.29663671875,-0.18753332691192626,-0.07679498819052241,-0.006928337958455085
1782661071457706800,3.306706787109375,-0.09581482815742492,-0.08943988629803061,-0.00913746537528932
1782661071467777800,3.31677783203125,0.013058219015598296,-0.09890976196546107,0.005909370174258947
1782661071477847800,3.326847900390625,0.08527765205204486,-0.10433752263523638,0.01011734325811267
1782661071487918800,3.3369189453125,0.04500526289641857,-0.10697199932467191,0.00914900968261063
1782661071497988600,3.346988525390625,-0.03758884916007518,-0.12133262444203718,0.005342091680318117
1782661071508059000,3.357058837890625,-0.1298094522178173,-0.1356277283088304,-0.016548545349389314
1782661071518130000,3.3671298828125,-0.19363924257159232,-0.14312988409986718,-0.024407880547642705
1782661071528199700,3.37719970703125,-0.20306758065223693,-0.16928826157664878,-0.009218275526538491
1782661071538270700,3.387270751953125,-0.1832265696287155,-0.18172082297457381,-0.009166545339301228
1782661071548340700,3.3973408203125,-0.12760638921558856,-0.18043165994687005,0.02756407955624163
1782661071558411800,3.407411865234375,-0.05363923572897911,-0.17888119736816732,0.0821360660906881
1782661071568481800,3.417481689453125,-0.04089782757759094,-0.16922906046900899,0.13385726630389688
1782661071578551800,3.4275517578125,-0.13394143745601175,-0.14945861219735815,0.161311309614405
1782661071588622800,3.437622802734375,-0.17597499106526374,-0.14688241416695527,0.11389518618397414
1782661071598692600,3.447692626953125,-0.12617489510774613,-0.17112440922893582,0.11896262564137577
1782661071608763600,3.457763671875,-0.15176234082877635,-0.19589591719089075,0.1307539665263146
1782661071618833700,3.467833740234375,-0.16696107900440693,-0.1738167718517594,0.15612755030095576
1782661071628903700,3.477903564453125,-0.09273030614554882,-0.16452694719266145,0.15721176534108816
1782661071638974700,3.487974609375,-0.054286301460862156,-0.16083477814383804,0.15285320480540393
1782661071649044700,3.498044677734375,-0.06904957082867622,-0.16858904553242027,0.12705430829077957
1782661071659115800,3.50811572265625,-0.08575754452347754,-0.18111416231831534,0.091388097756356
1782661071669185500,3.518185546875,-0.06714052233695983,-0.16891811309000476,0.07776165039874613
1782661071679256600,3.528256591796875,0.06764087307453155,-0.15477412639800459,0.06155446583293378
1782661071689326800,3.538326904296875,0.10598550903797149,-0.1256481312872842,0.07473221957497299
1782661071699396900,3.54839697265625,0.06481763234734535,-0.12259718275144696,0.08455905545391142
1782661071709467600,3.558467529296875,0.022883447459340095,-0.12057875560112297,0.04488309782147407
1782661071719537700,3.56853759765625,-0.06761983028650283,-0.1283777389142662,0.04233984307944774
1782661071729608700,3.578608642578125,-0.13307400697171687,-0.10799289420447311,0.029552257698774335
1782661071739679000,3.588678955078125,-0.1356342128485441,-0.0982143087808974,0.039719650643691415
1782661071749748700,3.598748779296875,-0.06730711107552051,-0.06744086612355894,0.05724354383125901
1782661071759819800,3.60881982421875,0.028752047231793403,-0.06841619112885092,0.08746266794092952
1782661071769889800,3.618889892578125,0.08081833455562591,-0.07098617861417587,0.12187639419622719
1782661071779960600,3.628960693359375,0.06273556537628174,-0.05744644599221647,0.12082922323085367
1782661071790030600,3.639030517578125,-0.01806523352265358,-0.04502463888374623,0.09833967045992613
1782661071800100900,3.649100830078125,-0.137255092048645,-0.04051413462278433,0.09619104105867445
1782661071810172000,3.659171875,-0.1430716693729162,-0.0692804478419479,0.06184300045073032
1782661071820241700,3.66924169921875,-0.0715337888598442,-0.06652949146626051,0.07829078883938491
1782661071830312700,3.679312744140625,0.03191314161121845,-0.04607684221726376,0.11197707760296761
1782661071840382700,3.6893828125,0.03746142338812351,-0.05055696960627101,0.1431459767181426
1782661071850453800,3.699453857421875,-0.031893267866969104,-0.012407956679631025,0.1179967762839049
1782661071860523800,3.709523681640625,-0.050643561044335365,-0.0035861194250406694,0.12413681340888141
1782661071870593800,3.71959375,0.008418284255266188,-0.02770162029683124,0.10479016177356243
1782661071880664800,3.729664794921875,0.06729132898449898,-0.06645281406743452,0.09910115635171532
1782661071890734600,3.739734619140625,0.10190203911662102,-0.08272798583554103,0.12006912557855248
1782661071900805600,3.7498056640625,0.08357026361227035,-0.09657350103762,0.06290113120153545
1782661071910876000,3.7598759765625,0.1159282263815403,-0.09410513816270977,0.06337101373560726
1782661071920945700,3.769945556640625,0.12664017453193663,-0.07616050794557667,0.08287212528027593
1782661071931016700,3.7800166015625,0.09703764795064926,-0.06255551436794922,0.12193959562554955
1782661071941086700,3.790086669921875,0.0018733926564455032,-0.07053236129891592,0.12168320971168577
1782661071951157800,3.80015771484375,-0.05154255571067333,-0.046096410000836474,0.11440364716276526
1782661071961227800,3.810227783203125,-0.09491992514431476,-0.05816884654921013,0.08920863482542335
1782661071971298800,3.820298828125,-0.11122925491034984,-0.08934593353741802,0.08244944288879633
1782661071981368800,3.830368896484375,-0.12748422414064406,-0.09310694830506108,0.0644217648975551
1782661071991438600,3.8404384765625,-0.10267769966423511,-0.048349865183164364,0.08563640236184
1782661072001509600,3.850509521484375,-0.03717617670595646,-0.0749993278122507,0.0729271429143846
1782661072011579600,3.86057958984375,0.00678045392036438,-0.08500968529824167,0.07619104008115828
1782661072021650700,3.870650634765625,-0.020315058276057243,-0.07572029446398373,0.07111848605722189
1782661072031720700,3.880720703125,-0.02092822173833847,-0.08326256763627753,0.07921922879591584
1782661072041790700,3.890790771484375,0.044105099186301226,-0.0610046544970246,0.10612908222712576
1782661072051861800,3.90086181640625,0.049826983964443204,-0.05341676578444894,0.11675985490009189
1782661072061931800,3.910931884765625,0.06379413451850414,-0.04123046619859524,0.11704736660458147
1782661072072002600,3.92100244140625,0.05488485187590122,-0.0784689218852669,0.06311550460457802
1782661072082072800,3.93107275390625,0.02388005728125572,-0.13685217380356043,-0.01867890844158828
1782661072092142800,3.941142822265625,-0.05206278019249439,-0.14157989644519983,-0.05952580954954028
1782661072102214000,3.9512138671875,-0.08152092986702919,-0.11433929495597257,-0.024631679366156456
1782661072112283600,3.96128369140625,-0.10025134930014609,-0.04845097377034835,0.03550042551346123
1782661072122354700,3.971354736328125,-0.031383564779162404,-0.03656458186296513,0.04194543693438172
1782661072132424700,3.9814248046875,0.09532733690142631,-0.05047047863290645,0.0729170599117875
1782661072142494700,3.99149462890625,0.17884557806551454,-0.07782941840533167,0.09456716618388891
1782661072152565800,4.001565673828125,0.18360417076945304,-0.11496398445926606,0.06441233948208391
1782661072162635800,4.0116357421875,0.11707564285099506,-0.11249978630281984,0.04419577314443886
1782661072172706800,4.021706787109375,-0.015506781211495398,-0.13288008270165882,-0.0034073242254555225
1782661072182776600,4.031776611328125,-0.1456990952670574,-0.12566950286887585,-0.00932655820660293
1782661072192847600,4.04184765625,-0.22893267427086827,-0.10187840251270681,-0.038896497692540284
1782661072202918000,4.05191796875,-0.2511409989476204,-0.06505222655450925,-0.0020326748713850973
1782661072212987600,4.061987548828125,-0.22749241233468054,-0.04930596489817835,0.010307166741788387
1782661072223058700,4.07205859375,-0.10752864682674407,-0.06365638828193769,0.025370661165192723
1782661072233128700,4.082128662109375,-0.028189737173914906,-0.09931869895937852,-0.00531571513004601
1782661072243199700,4.09219970703125,0.03447334748804569,-0.11098002938963472,-0.03048486237376928
1782661072253269800,4.102269775390625,0.06748597477376461,-0.12550203734748064,-0.048601387692242856
1782661072263339800,4.11233984375,0.04647065927386283,-0.12921787953283637,-0.030150515852868556
1782661072273410800,4.122410888671875,0.049558688417077064,-0.11966847235579042,-0.03532324231564998
1782661072283480600,4.13248046875,0.011240355938673018,-0.0756305749204941,0.024037805126234886
1782661072293551600,4.142551513671875,0.0013607669591903686,-0.032211067395156716,0.09198832867182791
1782661072303622000,4.152621826171875,0.020389292556047437,-0.02392656330410391,0.08680478855408727
1782661072313692000,4.16269189453125,0.05707505539655685,-0.06803389554668683,0.057673167420178646
1782661072323762700,4.1727626953125,0.06349836644232272,-0.08447966094161383,0.05310257156901061
1782661072333832700,4.182832763671875,0.04061491898298263,-0.06774838856961578,0.03577200899645686
1782661072343903700,4.19290380859375,0.031235096219182013,-0.047895235017151566,0.05747216495536268
1782661072353973500,4.202973388671875,0.044213820257782935,-0.041314577985205686,0.05916428276076913
1782661072364044500,4.21304443359375,0.06957797861695289,-0.05956268009436316,0.032158786935359236
1782661072374114800,4.22311474609375,0.12013444589972495,-0.10708756112889387,0.029827421378344297
1782661072384184800,4.233184814453125,0.11275661060810088,-0.09984678708724677,0.028160364948958155
1782661072394255600,4.243255615234375,-0.0011257891595363616,-0.06787917077585588,0.014182839131355285
1782661072404325600,4.25332568359375,-0.03687631697654724,-0.07850508004403672,-0.004635550846159458
1782661072414396700,4.263396728515625,-0.10480360577702522,-0.09018970915148966,0.0003723404437303543
1782661072424467000,4.273467041015625,-0.12513093901276587,-0.07110133399302139,0.009117445500567554
1782661072434536700,4.28353662109375,-0.1281844813644886,-0.07072712125261314,0.01533376273214817
1782661072444607700,4.293607666015625,-0.10239303750395774,-0.07821618010005914,0.021253654300421476
1782661072454677500,4.303677490234375,-0.03195756527483463,-0.08259039486260153,0.03327485841847956
1782661072464748500,4.31374853515625,-0.018555062866210937,-0.07887909185504541,0.05145034738257527
1782661072474818800,4.32381884765625,-0.024476269608736036,-0.07148192167528905,0.059770066634193056
1782661072484888600,4.333888671875,-0.03868716579079628,-0.03749411551475059,0.07084003444202244
1782661072494959600,4.343959716796875,-0.03608370529413223,-0.05145972256569657,0.09321955096721649
1782661072505029600,4.354029541015625,-0.020831191104650496,-0.04656934300852008,0.03722454589232802
1782661072515100700,4.3641005859375,0.03842646902799606,-0.05833040291962679,0.042026612411811944
1782661072525170700,4.374170654296875,0.05845569609999656,-0.07286598731167614,0.05377155687175691
1782661072535240700,4.38424072265625,0.08505553373396396,-0.09560551452198997,0.08211107777990401
1782661072545311700,4.394311767578125,0.13748422462940216,-0.05456557962654624,0.08675298530161381
1782661072555381500,4.404381591796875,0.14030103561580182,-0.04503172621165868,0.09842493759058416
1782661072565452500,4.41445263671875,0.06968962229788303,-0.04018513556385878,0.10254917791374027
1782661072575522600,4.4245224609375,0.025480478215217588,-0.05149308597918134,0.06000453297719359
1782661072585592600,4.434592529296875,0.03141922061443329,-0.08012704608952625,0.03360942413508892
1782661072595663600,4.44466357421875,0.028968904852867124,-0.07540599065069109,0.05069492590539157
1782661072605733600,4.454733642578125,-0.04295651367306709,-0.050159809815115294,0.055018780453875656
1782661072615804700,4.4648046875,-0.11688625775873661,-0.015080641921027562,0.05614011263400316
1782661072625874400,4.47487451171875,-0.06359656611979007,-0.025709464665502307,0.034277824915945526
1782661072635945500,4.484945556640625,-0.014694295784831047,-0.06598713278444483,0.03527399634644389
1782661072646015700,4.495015625,0.0384422511190176,-0.023989929130207747,0.07070530214644968
1782661072656085800,4.505085693359375,0.009763853645324706,-0.04101456755874678,0.04760280510894954
1782661072666156500,4.515156494140625,-0.05164601608514786,-0.051222534542647184,0.023707184932380915
1782661072676226600,4.5252265625,0.062003159448504444,-0.06051408080137335,-0.017300459695234895
1782661072686297600,4.535297607421875,0.07249824997782707,-0.08372344487998634,-0.013100596852600574
1782661072696367600,4.54536767578125,-0.047365562286972994,-0.06382917843242175,0.002868541173636913
1782661072706437600,4.555437744140625,-0.05775894600749015,-0.05226449504336342,-0.03666515844389796
1782661072716508700,4.5655087890625,-0.0021498715102672575,-0.06776175950784236,-0.05939436518959701
1782661072726578700,4.57557861328125,0.02428571547269821,-0.07492037169137038,-0.012438406616821884
1782661072736649500,4.5856494140625,0.03056289604604244,-0.05724716512702871,0.015464914831146597
1782661072746719500,4.595719482421875,0.07249298928081989,-0.027315577838022725,0.03227707955278456
1782661072756789800,4.605789794921875,0.11863748534023762,-0.027889487002149688,0.050704497451335186
1782661072766860800,4.61586083984375,0.13834931702613829,-0.03963825597055256,0.050307387892529365
1782661072776930600,4.6259306640625,0.1742126575678587,-0.04920271458625793,0.05644808260463178
1782661072787001600,4.636001708984375,0.1969821232587099,-0.054649883209401735,0.039307708841934796
1782661072797071600,4.646071533203125,0.13528759136795998,-0.07690322520481423,0.08482610889226198
1782661072807141600,4.6561416015625,0.06781856772899628,-0.08141582552473992,0.1033567679695785
1782661072817212700,4.666212646484375,0.002525719085335731,-0.054604308768315235,0.11911189791895449
1782661072827282700,4.67628271484375,-0.10052665911018847,-0.049643859649612564,0.1277686671052128
1782661072837353700,4.686353759765625,-0.16680325809419155,-0.07982518619927577,0.1245748394999653
1782661072847423500,4.696423583984375,-0.20661855113208294,-0.09487693538595922,0.13999971458166838
1782661072857494500,4.70649462890625,-0.23553777162432668,-0.09426182656176388,0.10421185042895376
1782661072867564800,4.716564697265625,-0.2526630939483642,-0.11000707443794235,0.08650807062983512
1782661072877634600,4.726634521484375,-0.2188929262936115,-0.11055354760587215,0.07347505912072956
1782661072887705600,4.73670556640625,-0.22237024701535701,-0.1228231643938925,0.065444459008798
1782661072897775600,4.746775634765625,-0.16673662259876726,-0.12625143094267696,0.06680968294739723
1782661072907846700,4.7568466796875,-0.07401976045668125,-0.11970044752978719,0.08169256010688841
1782661072917916400,4.76691650390625,-0.01324234341084957,-0.09946042725131847,0.11371917202994226
1782661072927986700,4.776986572265625,0.04676525830626487,-0.07808137473925017,0.12928513608276843
1782661072938057700,4.7870576171875,0.027132921597361564,-0.0737498163749231,0.1311778910268098
1782661072948127500,4.79712744140625,0.03431728014349937,-0.03586901679725852,0.14329407995194196
1782661072958198500,4.807198486328125,-0.011420973202586173,-0.010365605231025256,0.13780366584211587
1782661072968268500,4.8172685546875,-0.10517068552374839,-0.002181713111879071,0.11637202462628483
1782661072978338800,4.8273388671875,-0.1516816768079996,-0.018555589164240518,0.07264101944938302
1782661072988409600,4.83740966796875,-0.16992811211645603,-0.03509768308160128,0.020419030107185245
1782661072998479600,4.847479736328125,-0.1784820054501295,-0.03756424672506982,-0.04211261019483208
1782661073008550700,4.857550537109375,-0.11425707829892634,-0.05998797000146005,-0.07284582130648196
1782661073018620700,4.86762060546875,0.00955284124314785,-0.07741602443200536,-0.09220007172636688
1782661073028690700,4.877690673828125,0.08147825976908206,-0.0924364103660453,-0.09603263562656938
1782661073038761700,4.88776171875,0.12978957847356795,-0.08286297385944053,-0.12654825846478343
1782661073048831700,4.897831787109375,0.2514794371217489,-0.08443976732264272,-0.10637838081307709
1782661073058902500,4.907902587890625,0.29745383731126784,-0.08657667888663709,-0.09060834555551409
1782661073068972500,4.91797265625,0.24866379517912862,-0.07633915244811214,-0.04823365035839378
1782661073079042600,4.92804248046875,0.19572890832722187,-0.06540770262840669,-0.04733648232296109
1782661073089113600,4.938113525390625,0.07965922764837742,-0.05156464424489531,-0.04921791215538978
1782661073099183600,4.94818359375,0.034299744486808774,-0.0359812130340375,-0.0500902380105108
1782661073109254700,4.958254638671875,0.03135726129412651,-0.053051489835744724,-0.013060045646503567
1782661073119324700,4.96832470703125,0.031041619473695752,-0.07544174695066176,0.0013504647608846426
1782661073129394400,4.97839453125,0.07956745771169663,-0.07915582643719389,0.005455927318334579
1782661073139465500,4.988465576171875,0.09281739990711212,-0.09524738526670262,0.019163842414319513
1782661073149535700,4.99853564453125,0.07631751600503921,-0.09324044762477278,0.02502498953267932
1782661073159606800,5.008606689453125,0.05373626636266708,-0.07756738820197061,0.04813333178907633
1782661073169676500,5.018676513671875,0.04866553896963596,-0.09777927836449817,0.081410309099406
1782661073179746600,5.02874658203125,0.03774842363595962,-0.07864900942621753,0.07990728412531316
1782661073189817600,5.038817626953125,-0.028302549898624418,-0.05921515443148091,0.12499116521589457
1782661073199887600,5.0488876953125,-0.0828232446372509,-0.015078641760186291,0.13915588416866959
1782661073209958700,5.058958740234375,-0.07255904025435447,-0.014641665981872937,0.15440401444397867
1782661073220028700,5.069028564453125,-0.0814157159268856,-0.027747676511819006,0.12148396081253886
1782661073230098700,5.0790986328125,-0.10516308673918247,-0.06580110869305208,0.0797063547257334
1782661073240169500,5.08916943359375,-0.12248363937437534,-0.0714369226229377,0.054581777276098725
1782661073250239500,5.099239501953125,-0.0449123239159584,-0.06981963275256567,0.04438830004185438
1782661073260310500,5.109310546875,-0.013233575582504271,-0.048987272604135795,0.07123948208838701
1782661073270380800,5.119380859375,-0.01113572652041912,-0.03627601756241638,0.09099128045849501
1782661073280450600,5.129450439453125,0.0034819968968629834,-0.0586274359377101,0.05502097241096198
1782661073290521600,5.139521484375,-0.021039865419268607,-0.08298069108813069,0.005648892607167363
1782661073300591600,5.149591552734375,-0.04594634313881397,-0.0813477195914369,-0.011932502921298145
1782661073310662400,5.159662353515625,-0.024672084441781043,-0.07654240166894159,-0.012313026671484113
1782661073320732700,5.169732666015625,0.019632921230792997,-0.022866984948306343,0.028280995653942227
1782661073330802700,5.179802734375,0.07628595182299613,-0.000907655180117581,0.08997903467603027
1782661073340873700,5.189873779296875,0.07470306654572487,-0.020262535787664817,0.09384374728016555
1782661073350943500,5.199943603515625,0.07132394550144672,-0.027555877983476966,0.07198657412864268
1782661073361014500,5.2100146484375,0.050367666712403295,-0.035746516078885175,0.06357026263475418
1782661073371084800,5.220084716796875,0.06523030480146408,-0.045382165350834835,0.06773593094684183
1782661073381155800,5.23015576171875,0.02653846283555031,-0.04065321886648889,0.06518441983312367
1782661073391225600,5.2402255859375,-0.03960661872327328,-0.05517176992534659,0.033095702459290624
1782661073401295600,5.250295654296875,-0.03495440900325775,-0.09343290145695209,0.011616714970394968
1782661073411366700,5.26036669921875,-0.025116905599832533,-0.10502434498877264,0.03754581373594701
1782661073421436700,5.270436767578125,-0.013315408647060394,-0.10860780209926887,0.06273140065781772
1782661073431507700,5.2805078125,-0.04035013056695461,-0.07080491746286861,0.09992050991058349
1782661073441577700,5.29057763671875,-0.11305588581562041,-0.05757205883299466,0.08080218713842331
1782661073451647500,5.3006474609375,-0.14548399121165276,-0.04448550420547835,0.08824716938212514
1782661073461718500,5.310718505859375,-0.14629764568209647,-0.035291582235484384,0.10029401939809322
1782661073471788300,5.320788330078125,-0.13283610656261444,-0.0695546388405608,0.0744319945193827
1782661073481859300,5.330859375,-0.16322481508553027,-0.0905170962086413,0.0049001200664788485
1782661073491929600,5.3409296875,-0.06929214741289615,-0.08264898404888808,-0.045580286305397746
1782661073501999400,5.350999267578125,0.05475684158205986,-0.0806240084267687,-0.030833018224313852
1782661073512070400,5.3610703125,0.16632219657897948,-0.10278550742026418,-0.020172508000209928
1782661073522140400,5.371140380859375,0.2277344043970108,-0.12449941790988668,-0.03665105685330927
1782661073532210700,5.381210693359375,0.2208896530687809,-0.13635557679249904,-0.0931791458915919
1782661073542281500,5.391281494140625,0.08352350186109542,-0.08063934299321844,-0.04183167436160147
1782661073552351500,5.4013515625,-0.02486789927482605,-0.02348926329880487,0.022367095435038207
1782661073562422500,5.411422607421875,-0.038351650226116175,-0.014155057216930436,0.055583940055966376
1782661073572492500,5.421492431640625,-0.024745149677991865,-0.023971699353773145,0.04804046587385237
1782661073582563300,5.431563232421875,-0.042948914888501166,-0.027856450098939237,-0.0382701094225049
1782661073592633600,5.441633544921875,-0.029904724398255346,-0.03440450861909194,-0.051363692012429234
1782661073602703600,5.45170361328125,0.06006839199364185,-0.05100320640327408,-0.03360204454623163
1782661073612774700,5.461774658203125,0.11779226668775081,-0.08347749816174618,-0.04753375846073031
1782661073622844400,5.471844482421875,0.12218319512307643,-0.10379707734929397,-0.02639138251505792
1782661073632915500,5.48191552734375,0.044267596271634096,-0.11314373762900941,-0.04472403480224311
1782661073642985500,5.4919853515625,-0.019838088414072988,-0.08180192049918696,-0.02286985732540488
1782661073653055500,5.502055419921875,0.010265373426675797,-0.03392416862308746,0.07038593399897217
1782661073663126500,5.51212646484375,0.02545066759884357,-0.0152726642116555,0.14110204980038105
1782661073673196500,5.522196533203125,0.06511749207675456,-0.024052493522001894,0.10408902776688336
1782661073683267600,5.532267578125,0.07734685905277729,-0.03571562775027705,0.12435520539991557
1782661073693337300,5.54233740234375,0.021149755534529684,-0.04723342837386298,0.1428507931638509
1782661073703407600,5.55240771484375,-0.0786444976478815,-0.06896125322440638,0.11704912017025053
1782661073713478700,5.562478759765625,-0.16999299404621124,-0.10273377723302692,0.05064867561087012
1782661073723548400,5.57254833984375,-0.15374094742536543,-0.10957923181415535,0.03715462246127427
1782661073733618400,5.582618408203125,-0.127452659958601,-0.0829765720354393,0.07476261471323668
1782661073743689500,5.592689453125,-0.054579731449484824,-0.08066603007074445,0.1019924208138138
1782661073753759500,5.602759521484375,-0.045483401802182195,-0.08906796597940847,0.1471517052281648
1782661073763830500,5.61283056640625,-0.1981359694689512,-0.02867947290263837,0.13791545565351843
1782661073773900500,5.622900634765625,-0.22028642647862434,-0.0035839069183566607,0.14525858495794236
1782661073783970600,5.632970458984375,-0.1090700310498476,-0.022600678145338313,0.13235760233066976
1782661073794041300,5.643041259765625,0.0015495675295591354,-0.045926884953095576,0.09787190681770443
1782661073804111400,5.653111328125,0.08505027303695678,-0.10256628431216813,0.07337094115912914
1782661073814182400,5.663182373046875,0.10644903489649295,-0.09328725504172034,0.026580183085426687
1782661073824252700,5.673252685546875,0.08802432041168212,-0.0671011767072603,0.006278861073777079
1782661073834322400,5.683322509765625,0.05720891090929508,-0.0624351119918283,0.011758607659116387
1782661073844393500,5.6933935546875,0.015000585255026816,-0.054463662755186666,0.016447569192945957
1782661073854464500,5.703464599609375,0.04817746319174766,-0.06319842451452277,-0.023249285097047684
1782661073864534300,5.7135341796875,-0.16065174972712992,-0.026427988198399543,-0.11554931006655096
1782661073874605300,5.723605224609375,0.026810850036144255,-0.019504264766268896,-0.11200681515410542
1782661073884675600,5.733675537109375,0.19775369215309618,-0.022505063150601926,-0.011732961761206388
1782661073894746600,5.74374658203125,0.11543605895042419,-0.07643569902461021,-0.11049809109158813
1782661073904816400,5.75381640625,0.015908347749710082,-0.16927233335515482,-0.1886083357322961
1782661073914886400,5.763886474609375,0.29789281325042244,-0.24368447239659724,-0.21114450412392616
1782661073924957400,5.77395751953125,0.49345805544853205,-0.385791132662259,-0.19704320579618215
1782661073935027700,5.78402783203125,0.6282768602609634,-0.37329551596548405,-0.14071246596090495
1782661073945098500,5.794098388671875,0.815692113751173,-0.29920846242625265,0.046281493377313014
1782661073955168500,5.80416845703125,1.0033248093843459,-0.10596131531163118,0.37107371173016723
1782661073965238500,5.814238525390625,0.9936708458542823,0.2128511071124114,0.5504319885581731
1782661073975309600,5.8243095703125,0.6248714357316494,0.2403965367671102,0.4668811602987349
1782661073985379600,5.834379638671875,0.6705600047171115,0.12827371228421106,0.4089219424787909
